{
    "accuracy": [
        [
            1,
            0.8195355534553528
        ],
        [
            2,
            0.8137662410736084
        ],
        [
            3,
            0.8409973978996277
        ]
    ],
    "loss": [
        [
            1,
            0.37250882387161255
        ],
        [
            2,
            0.34860989451408386
        ],
        [
            3,
            0.27009499073028564
        ]
    ]
}