{
    "accuracy": [
        [
            1,
            0.8155759572982788
        ],
        [
            2,
            0.811106264591217
        ],
        [
            3,
            0.8225598931312561
        ]
    ],
    "loss": [
        [
            1,
            0.4144468903541565
        ],
        [
            2,
            0.34842702746391296
        ],
        [
            3,
            0.31358426809310913
        ]
    ]
}