{
    "accuracy": [
        [
            1,
            0.8131831884384155
        ],
        [
            2,
            0.8186852931976318
        ],
        [
            3,
            0.8072681427001953
        ]
    ],
    "loss": [
        [
            1,
            0.30837932229042053
        ],
        [
            2,
            0.3599405884742737
        ],
        [
            3,
            0.31458690762519836
        ]
    ]
}