{
    "accuracy": [
        [
            1,
            0.8304182887077332
        ],
        [
            2,
            0.8180415630340576
        ],
        [
            3,
            0.8370742797851562
        ]
    ],
    "loss": [
        [
            1,
            0.30836349725723267
        ],
        [
            2,
            0.3657398223876953
        ],
        [
            3,
            0.3319908380508423
        ]
    ]
}