{
    "accuracy": [
        [
            1,
            0.811786413192749
        ],
        [
            2,
            0.8099645376205444
        ],
        [
            3,
            0.810632586479187
        ]
    ],
    "loss": [
        [
            1,
            0.31318968534469604
        ],
        [
            2,
            0.35720765590667725
        ],
        [
            3,
            0.36192384362220764
        ]
    ]
}