{
    "accuracy": [
        [
            1,
            0.8096609115600586
        ],
        [
            2,
            0.8130981922149658
        ],
        [
            3,
            0.8158431649208069
        ]
    ],
    "loss": [
        [
            1,
            0.3698209524154663
        ],
        [
            2,
            0.33507153391838074
        ],
        [
            3,
            0.32652032375335693
        ]
    ]
}